# 挑战题

## 检索数据

1. 编写 SQL 语句，从 Customers 表中检索所有的 ID（cust_id）。

   ``` sql
   SELECT cust_id
   FROM Customers;
   ```

   输出：

   ``` sql
   +------------+
   | cust_id    |
   +------------+
   | 1000000001 |
   | 1000000002 |
   | 1000000003 |
   | 1000000004 |
   | 1000000005 |
   +------------+
   5 rows in set (0.00 sec)
   ```

2. OrderItems 表包含了所有已订购的产品（有些已被订购多次）。编写 SQL 语句，检索并列出已订购产品（prod_id）的清单（不用列每个订单，只列出不同产品的清单）。提示：最终应该显示 7 行。

   ``` sql
   SELECT DISTINCT prod_id
   FROM OrderItems;
   ```

   输出：

   ``` sql
   +---------+
   | prod_id |
   +---------+
   | BR01    |
   | BR03    |
   | BR02    |
   | BNBG01  |
   | BNBG02  |
   | BNBG03  |
   | RGAN01  |
   +---------+
   7 rows in set (0.00 sec)
   ```

3. 编写 SQL语句，检索 Customers 表中所有的列，再编写另外的 SELECT 语句，仅检索顾客的 ID。使用注释，注释掉一条 SELECT 语句，以便运行另一条 SELECT 语句。（当然，要测试这两个语句。

   ``` sql
   SELECT *
   # SELECT cust_id
   FROM Customers;
   ```

## 排序检索数据

1. 编写 SQL 语句，从 Customers 中检索所有的顾客名称（cust_name），并按从 Z 到 A 的顺序显示结果。

   ```sql
   SELECT cust_name
   FROM Customers
   ORDER BY cust_name DESC;
   ```

   输出：

   ```sql
   +---------------+
   | cust_name     |
   +---------------+
   | Village Toys  |
   | The Toy Store |
   | Kids Place    |
   | Fun4All       |
   | Fun4All       |
   +---------------+
   5 rows in set (0.00 sec)
   ```

2. 编写 SQL 语句，从 Orders 表中检索顾客 ID（cust_id）和订单号（order_num），并先按顾客 ID 对结果进行排序，再按订单日期倒序排列。

   ``` sql
   SELECT cust_id, order_num
   FROM Orders
   ORDER BY cust_id, order_date DESC;
   ```

   输出：

   ``` sql
   +------------+-----------+
   | cust_id    | order_num |
   +------------+-----------+
   | 1000000001 |     20005 |
   | 1000000001 |     20009 |
   | 1000000003 |     20006 |
   | 1000000004 |     20007 |
   | 1000000005 |     20008 |
   +------------+-----------+
   5 rows in set (0.00 sec)
   ```

3. 显然，我们的虚拟商店更喜欢出售比较贵的物品，而且这类物品有很多。编写 SQL 语句，显示 OrderItems 表中的数量和价格（item_price），并按数量由多到少、价格由高到低排序。

   ```sql
   SELECT quantity, item_price
   FROM OrderItems
   ORDER BY quantity DESC, item_price DESC;
   ```

   输出：

   ``` sql
   +----------+------------+
   | quantity | item_price |
   +----------+------------+
   |      250 |       2.49 |
   |      250 |       2.49 |
   |      250 |       2.49 |
   |      100 |      10.99 |
   |      100 |       5.49 |
   |      100 |       2.99 |
   |      100 |       2.99 |
   |      100 |       2.99 |
   |       50 |      11.49 |
   |       50 |       4.49 |
   |       20 |       5.99 |
   |       10 |      11.99 |
   |       10 |       8.99 |
   |       10 |       3.49 |
   |       10 |       3.49 |
   |       10 |       3.49 |
   |        5 |      11.99 |
   |        5 |       4.99 |
   +----------+------------+
   18 rows in set (0.00 sec)
   ```

4. 下面的 SQL 语句有问题吗？（尝试在不运行的情况下指出。）

   ```sql
   SELECT vend_name,
   FROM Vendors
   ORDER vend_name DESC;
   ```

   正确的应该是：

   ```sql
   SELECT vend_name
   FROM Vendors
   ORDER BY vend_name DESC;
   ```

   输出：

   ``` sql
   +-----------------+
   | vend_name       |
   +-----------------+
   | Jouets et ours  |
   | Furball Inc.    |
   | Fun and Games   |
   | Doll House Inc. |
   | Bears R Us      |
   | Bear Emporium   |
   +-----------------+
   6 rows in set (0.00 sec)
   ```

   vend_name 后不应有逗号（逗号仅用于分隔多个列），并且 ORDER 后缺少了 BY。

## 过滤数据

1. 编写 SQL 语句，从 Products 表中检索产品 ID（prod_id）和产品名称（prod_name），只返回价格为 9.49 美元的产品。

   ``` sql
   SELECT prod_id, prod_name
   FROM Products
   WHERE prod_price = 9.49;
   ```

   输出：

   ``` sql
   +---------+------------+
   | prod_id | prod_name  |
   +---------+------------+
   | RYL01   | King doll  |
   | RYL02   | Queen doll |
   +---------+------------+
   2 rows in set (0.00 sec)
   ```

2. 编写 SQL 语句，从 Products 表中检索产品 ID（prod_id）和产品名称（prod_name），只返回价格为 9 美元或更高的产品。

   ``` sql
   SELECT prod_id, prod_name
   FROM Products
   WHERE prod_price >= 9;
   ```

   输出：

   ``` sql
   +---------+--------------------+
   | prod_id | prod_name          |
   +---------+--------------------+
   | BR03    | 18 inch teddy bear |
   | RYL01   | King doll          |
   | RYL02   | Queen doll         |
   +---------+--------------------+
   3 rows in set (0.00 sec)
   ```

3. 从 OrderItems 表中检索出所有不同订单号（order_num），其中包含 100 个或更多的产品。

   ``` sql
   SELECT DISTINCT order_num
   FROM OrderItems
   WHERE quantity >= 100;
   ```

   输出：

   ```sql
   +-----------+
   | order_num |
   +-----------+
   |     20005 |
   |     20007 |
   |     20009 |
   +-----------+
   3 rows in set (0.00 sec)
   ```

4. 编写 SQL 语句，返回 Products 表中所有价格在 3 美元到 6 美元之间的产品的名称（prod_name）和价格（prod_price），然后按价格对结果进行排序。

   方法一：

   ```sql
   SELECT prod_name, prod_price
   FROM Products
   WHERE prod_price >= 3 AND prod_price <= 6
   ORDER BY prod_price;
   ```

   输出：

   ```sql
   +---------------------+------------+
   | prod_name           | prod_price |
   +---------------------+------------+
   | Fish bean bag toy   |       3.49 |
   | Bird bean bag toy   |       3.49 |
   | Rabbit bean bag toy |       3.49 |
   | Raggedy Ann         |       4.99 |
   | 8 inch teddy bear   |       5.99 |
   +---------------------+------------+
   5 rows in set (0.00 sec)
   ```

   方法二：

   ```sql
   SELECT prod_name, prod_price
   FROM Products
   WHERE prod_price BETWEEN 3 AND 6
   ORDER BY prod_price;
   ```

## 高级数据过滤

1. 编写 SQL 语句，从 Vendors 表中检索供应商名称（vend_name），仅返回加利福尼亚州的供应商（这需要按国家 [USA] 和州 [CA] 进行过滤，没准其他国家也存在一个加利福尼亚州）。提示：过滤器需要匹配字符串。

   ``` sql
   SELECT vend_name
   FROM Vendors
   WHERE vend_state = 'CA' AND vend_country = 'USA';
   ```

   输出：

   ```sql
   +-----------------+
   | vend_name       |
   +-----------------+
   | Doll House Inc. |
   +-----------------+
   1 row in set (0.00 sec)
   ```

2. 编写 SQL 语句，查找所有至少订购了总量 100 个的 BR01、BR02 或 BR03 的订单。你需要返回 OrderItems 表的订单号（order_num）、产品 ID（prod_id）和数量，并按产品 ID 和数量进行过滤。提示：根据编写过滤器的方式，可能需要特别注意求值顺序。

   方法一：

   ``` sql
   SELECT order_num, prod_id, quantity
   FROM OrderItems
   WHERE (prod_id = 'BR01' OR prod_id = 'BR02' OR prod_id = 'BR03') 
   AND quantity >= 100;
   ```

   输出：

   ``` sql
   +-----------+---------+----------+
   | order_num | prod_id | quantity |
   +-----------+---------+----------+
   |     20005 | BR01    |      100 |
   |     20005 | BR03    |      100 |
   +-----------+---------+----------+
   2 rows in set (0.00 sec)
   ```

   方法二：

   ``` sql
   SELECT order_num, prod_id, quantity
   FROM OrderItems
   WHERE prod_id IN ('BR01', 'BR02', 'BR03') 
   AND quantity >= 100;
   ```

3. 编写 SQL 语句，返回所有价格在 3 美元到 6 美元之间的产品的名称（prod_name）和价格（prod_price）。使用 AND，然后按价格对结果进行排序。

   ``` sql
   SELECT prod_name, prod_price
   FROM Products
   WHERE prod_price >= 3 AND prod_price <= 6
   ORDER BY prod_price;
   ```

4. 下面的 SQL 语句有问题吗？（尝试在不运行的情况下指出。）

   ``` sql
   SELECT vend_name
   FROM Vendors
   ORDER BY vend_name
   WHERE vend_country = 'USA' AND vend_state = 'CA';
   ```

   正确的应该是：

   ``` sql
   SELECT vend_name
   FROM Vendors
   WHERE vend_country = 'USA' AND vend_state = 'CA'
   ORDER BY vend_name;
   ```

   输出：

   ```sql
   +-----------------+
   | vend_name       |
   +-----------------+
   | Doll House Inc. |
   +-----------------+
   1 row in set (0.00 sec)
   ```

   ORDER BY 必须跟在 WHERE 子句之后。

## 用通配符进行过滤

   1. 编写 SQL 语句，从 Products 表中检索产品名称（prod_name）和描述（prod_desc），仅返回描述中包含 toy 一词的产品。

      ``` sql
      SELECT prod_name, prod_desc
      FROM Products
      WHERE prod_desc LIKE '%toy%';
      ```

      输出：

      ``` sql
      +---------------------+-----------------------------------------------------------------------+
      | prod_name           | prod_desc                                                             |
      +---------------------+-----------------------------------------------------------------------+
      | Fish bean bag toy   | Fish bean bag toy, complete with bean bag worms with which to feed it |
      | Bird bean bag toy   | Bird bean bag toy, eggs are not included                              |
      | Rabbit bean bag toy | Rabbit bean bag toy, comes with bean bag carrots                      |
      +---------------------+-----------------------------------------------------------------------+
      3 rows in set (0.00 sec)
      ```

   2. 编写 SQL 语句，从 Products 表中检索产品名称（prod_name）和描述（prod_desc），仅返回描述中未出现 toy 一词的产品。这次，按产品名称对结果进行排序。

      ``` sql
      SELECT prod_name, prod_desc
      FROM Products
      WHERE NOT prod_desc LIKE '%toy%'
      ORDER BY prod_name;
      ```

      输出：

      ``` sql
      +--------------------+--------------------------------------------------+
      | prod_name          | prod_desc                                        |
      +--------------------+--------------------------------------------------+
      | 12 inch teddy bear | 12 inch teddy bear, comes with cap and jacket    |
      | 18 inch teddy bear | 18 inch teddy bear, comes with cap and jacket    |
      | 8 inch teddy bear  | 8 inch teddy bear, comes with cap and jacket     |
      | King doll          | 12 inch king doll with royal garments and crown  |
      | Queen doll         | 12 inch queen doll with royal garments and crown |
      | Raggedy Ann        | 18 inch Raggedy Ann doll                         |
      +--------------------+--------------------------------------------------+
      6 rows in set (0.00 sec)
      ```

   3. 编写 SQL 语句，从 Products 表中检索产品名称（prod_name）和描述（prod_desc），仅返回描述中同时出现 toy 和 carrots 的产品。有好几种方法可以执行此操作，但对于这个挑战题，请使用 AND 和两个 LIKE 比较。

      ``` sql
      SELECT prod_name, prod_desc
      FROM Products
      WHERE prod_desc LIKE '%toy%' AND prod_desc LIKE '%carrots%';
      ```

      输出：

      ``` sql
      +---------------------+--------------------------------------------------+
      | prod_name           | prod_desc                                        |
      +---------------------+--------------------------------------------------+
      | Rabbit bean bag toy | Rabbit bean bag toy, comes with bean bag carrots |
      +---------------------+--------------------------------------------------+
      1 row in set (0.00 sec)
      ```

   4. 来个比较棘手的。我没有特别向你展示这个语法，而是想看看你根据目前已学的知识是否可以找到答案。编写 SQL 语句，从 Products 表中检索产品名称（prod_name）和描述（prod_desc），仅返回在描述中以先后顺序同时出现 toy 和 carrots 的产品。提示：只需要用带有三个 % 符号的 LIKE 即可。

      ``` sql
      SELECT prod_name, prod_desc
      FROM Products
      WHERE prod_desc LIKE "%toy%carrots%";
      ```

      输出：

      ```sql
      +---------------------+--------------------------------------------------+
      | prod_name           | prod_desc                                        |
      +---------------------+--------------------------------------------------+
      | Rabbit bean bag toy | Rabbit bean bag toy, comes with bean bag carrots |
      +---------------------+--------------------------------------------------+
      1 row in set (0.00 sec)
      ```

   ## 创建计算字段

1. 别名的常见用法是在检索出的结果中重命名表的列字段（为了符合特定的报表要求或客户需求）。编写 SQL 语句，从 Vendors 表中检索 vend_id、vend_name、vend_address 和 vend_city，将 vend_name 重命名为 vname，将 vend_city 重命名为 vcity，将 vend_address 重命名为 vaddress。按供应商名称对结果进行排序（可以使用原始名称或新的名称）。

   ``` sql
   SELECT vend_id, vend_name AS vname, vend_address AS vaddress, vend_city AS vcity
   FROM Vendors
   ORDER BY vend_name;
   ```

   输出：

   ```sql
   +---------+-----------------+-----------------+------------+
   | vend_id | vname           | vaddress        | vcity      |
   +---------+-----------------+-----------------+------------+
   | BRE02   | Bear Emporium   | 500 Park Street | Anytown    |
   | BRS01   | Bears R Us      | 123 Main Street | Bear Town  |
   | DLL01   | Doll House Inc. | 555 High Street | Dollsville |
   | FNG01   | Fun and Games   | 42 Galaxy Road  | London     |
   | FRB01   | Furball Inc.    | 1000 5th Avenue | New York   |
   | JTS01   | Jouets et ours  | 1 Rue Amusement | Paris      |
   +---------+-----------------+-----------------+------------+
   6 rows in set (0.00 sec)
   ```

2. 我们的示例商店正在进行打折促销，所有产品均降价 10%。编写 SQL 语句，从 Products 表中返回 prod_id、prod_price 和 sale_price。 sale_price 是一个包含促销价格的计算字段。提示：可以乘以 0.9， 得到原价的 90%（即 10%的折扣）

   ```sql
   SELECT prod_id, prod_price, prod_price * 0.9 AS sale_price
   FROM Products;
   ```

   输出：

   ```sql
   +---------+------------+------------+
   | prod_id | prod_price | sale_price |
   +---------+------------+------------+
   | BNBG01  |       3.49 |      3.141 |
   | BNBG02  |       3.49 |      3.141 |
   | BNBG03  |       3.49 |      3.141 |
   | BR01    |       5.99 |      5.391 |
   | BR02    |       8.99 |      8.091 |
   | BR03    |      11.99 |     10.791 |
   | RGAN01  |       4.99 |      4.491 |
   | RYL01   |       9.49 |      8.541 |
   | RYL02   |       9.49 |      8.541 |
   +---------+------------+------------+
   9 rows in set (0.00 sec)
   ```

## 使用函数处理数据

1. 我们的商店已经上线了，正在创建顾客账户。所有用户都需要登录名，默认登录名是其名称和所在城市的组合。编写 SQL 语句，返回顾客 ID（cust_id）、顾客名称（cust_name）和登录名（user_login），其中登录名全部为大写字母，并由顾客联系人的前两个字符（cust_contact）和其所在城市的前三个字符（cust_city）组成。例如，我的登录名是 BEOAK（Ben Forta，居住在 Oak Park）。提示：需要使用函数、拼接和别名。

   ```sql
   SELECT cust_id, cust_name, 
          CONCAT(UPPER(LEFT(cust_contact, 2)),UPPER(LEFT(cust_city, 3)))
          AS user_login
   FROM Customers;
   ```

   输出：

   ``` sql
   +------------+---------------+------------+
   | cust_id    | cust_name     | user_login |
   +------------+---------------+------------+
   | 1000000001 | Village Toys  | JODET      |
   | 1000000002 | Kids Place    | MICOL      |
   | 1000000003 | Fun4All       | JIMUN      |
   | 1000000004 | Fun4All       | DEPHO      |
   | 1000000005 | The Toy Store | KICHI      |
   +------------+---------------+------------+
   5 rows in set (0.00 sec)
   ```

2. 编写 SQL 语句，返回 2012 年 1 月的所有订单的订单号（order_num） 和订单日期（order_date），并按订单日期排序。你应该能够根据目前已学的知识来解决此问题，但也可以开卷查阅 DBMS 文档。

   ``` sql
   SELECT order_num, order_date
   FROM Orders
   WHERE YEAR(order_date) = 2012 AND MONTH(order_date) = 1;
   ```

   输出：

   ```sql
   +-----------+---------------------+
   | order_num | order_date          |
   +-----------+---------------------+
   |     20006 | 2012-01-12 00:00:00 |
   |     20007 | 2012-01-30 00:00:00 |
   +-----------+---------------------+
   2 rows in set (0.00 sec)
   ```

   





